effect,df,chi_square,p_value
G x H,5, 4.039261,0.54377728808
Herbivory (H),1, 8.260456,0.00405179490
Gene (G),5,27.093501,0.00005469995
initial fresh weight,1,11.467002,0.00070842862
